{"cameraMode":{"drawMode":0,"name":"Shaded","section":"Shading Mode"},"sceneLighting":false,"audioPlay":false,"sceneViewState":{"showFog":true,"showMaterialUpdate":true,"showSkybox":true,"showFlares":true,"showImageEffects":true,"showParticleSystems":true},"in2DMode":false,"pivot":{"x":0.048595428466796878,"y":-0.05584430694580078,"z":3.8992018699645998},"rotation":{"x":-0.601384699344635,"y":0.10038836300373078,"z":-0.07657860964536667,"w":-0.7889516353607178},"size":10.978464126586914,"orthographic":false}